Method	Path	OperationId	RequestSchema	PrimaryResponseSchema
GET	/api/v1/health	health_check_api_v1_health_get	NOT_FOUND	INLINE_OR_EMPTY
GET	/api/v1/health/detailed	detailed_health_check_api_v1_health_detailed_get	NOT_FOUND	INLINE_OR_EMPTY
GET	/api/v1/health/ready	readiness_check_api_v1_health_ready_get	NOT_FOUND	INLINE_OR_EMPTY
GET	/api/v1/health/live	liveness_check_api_v1_health_live_get	NOT_FOUND	INLINE_OR_EMPTY
GET	/api/v1/courses	list_courses_api_v1_courses_get	NOT_FOUND	INLINE_OR_EMPTY
POST	/api/v1/courses	create_course_api_v1_courses_post	INLINE_OR_EMPTY	INLINE_OR_EMPTY
GET	/api/v1/courses/{courseId}	get_course_api_v1_courses__courseId__get	NOT_FOUND	INLINE_OR_EMPTY
PUT	/api/v1/courses/{courseId}	upsert_course_api_v1_courses__courseId__put	INLINE_OR_EMPTY	INLINE_OR_EMPTY
PATCH	/api/v1/courses/{courseId}	update_course_api_v1_courses__courseId__patch	INLINE_OR_EMPTY	INLINE_OR_EMPTY
DELETE	/api/v1/courses/{courseId}	delete_course_api_v1_courses__courseId__delete	NOT_FOUND	INLINE_OR_EMPTY
GET	/api/v1/courses/{courseId}/pages	list_pages_api_v1_courses__courseId__pages_get	NOT_FOUND	INLINE_OR_EMPTY
POST	/api/v1/courses/{courseId}/pages	create_page_api_v1_courses__courseId__pages_post	INLINE_OR_EMPTY	INLINE_OR_EMPTY
POST	/api/v1/courses/{courseId}/pages/from-template	create_page_from_template_api_v1_courses__courseId__pages_from_template_post	INLINE_OR_EMPTY	INLINE_OR_EMPTY
GET	/api/v1/courses/templates/available	get_templates_for_pages_api_v1_courses_templates_available_get	NOT_FOUND	INLINE_OR_EMPTY
POST	/api/v1/courses/validate	validate_course_api_v1_courses_validate_post	INLINE_OR_EMPTY	INLINE_OR_EMPTY
GET	/api/v1/courses/{courseId}/templates	list_templates_api_v1_courses__courseId__templates_get	NOT_FOUND	INLINE_OR_EMPTY
POST	/api/v1/courses/{courseId}/templates	create_template_api_v1_courses__courseId__templates_post	INLINE_OR_EMPTY	INLINE_OR_EMPTY
GET	/api/v1/courses/{courseId}/templates/{template_id}	get_template_api_v1_courses__courseId__templates__template_id__get	NOT_FOUND	INLINE_OR_EMPTY
PATCH	/api/v1/courses/{courseId}/templates/{template_id}	update_template_api_v1_courses__courseId__templates__template_id__patch	INLINE_OR_EMPTY	INLINE_OR_EMPTY
DELETE	/api/v1/courses/{courseId}/templates/{template_id}	delete_template_api_v1_courses__courseId__templates__template_id__delete	NOT_FOUND	INLINE_OR_EMPTY
POST	/api/v1/courses/{courseId}/templates/reorder	reorder_templates_api_v1_courses__courseId__templates_reorder_post	INLINE_OR_EMPTY	INLINE_OR_EMPTY
POST	/api/v1/export	export_course_api_v1_export_post	INLINE_OR_EMPTY	INLINE_OR_EMPTY
POST	/api/v1/export/validate	validate_course_for_export_api_v1_export_validate_post	INLINE_OR_EMPTY	INLINE_OR_EMPTY
GET	/api/v1/export/formats	get_export_formats_api_v1_export_formats_get	NOT_FOUND	INLINE_OR_EMPTY
GET	/api/v1/export/status/{exportId}	get_export_status_api_v1_export_status__exportId__get	NOT_FOUND	INLINE_OR_EMPTY
POST	/api/v1/export/scorm/{courseId}	export_persisted_course_api_v1_export_scorm__courseId__post	INLINE_OR_EMPTY	INLINE_OR_EMPTY
POST	/api/v1/imports/analyze	analyze_import_api_v1_imports_analyze_post	INLINE_OR_EMPTY	INLINE_OR_EMPTY
GET	/api/v1/imports/jobs/{job_id}	get_import_status_api_v1_imports_jobs__job_id__get	NOT_FOUND	INLINE_OR_EMPTY
POST	/api/v1/imports/jobs/{job_id}/commit	commit_import_api_v1_imports_jobs__job_id__commit_post	INLINE_OR_EMPTY	INLINE_OR_EMPTY
GET	/api/v1/imports/jobs/{job_id}/preview	get_import_preview_api_v1_imports_jobs__job_id__preview_get	NOT_FOUND	INLINE_OR_EMPTY
POST	/api/v1/media/upload	upload_media_api_v1_media_upload_post	INLINE_OR_EMPTY	INLINE_OR_EMPTY
GET	/api/v1/media/files/{file_path}	serve_media_file_api_v1_media_files__file_path__get	NOT_FOUND	INLINE_OR_EMPTY
DELETE	/api/v1/media/files/{file_id}	delete_media_file_api_v1_media_files__file_id__delete	NOT_FOUND	INLINE_OR_EMPTY
GET	/api/v1/media/	list_media_files_api_v1_media__get	NOT_FOUND	INLINE_OR_EMPTY
GET	/api/v1/templates/enhanced/categories	get_template_categories_api_v1_templates_enhanced_categories_get	NOT_FOUND	INLINE_OR_EMPTY
GET	/api/v1/templates/enhanced/categories/{category_id}	get_category_details_api_v1_templates_enhanced_categories__category_id__get	NOT_FOUND	INLINE_OR_EMPTY
GET	/api/v1/templates/enhanced/categories/{category_id}/stats	get_category_stats_api_v1_templates_enhanced_categories__category_id__stats_get	NOT_FOUND	INLINE_OR_EMPTY
GET	/api/v1/templates/enhanced/search	search_templates_api_v1_templates_enhanced_search_get	NOT_FOUND	INLINE_OR_EMPTY
GET	/api/v1/templates/enhanced	get_enhanced_templates_api_v1_templates_enhanced_get	NOT_FOUND	INLINE_OR_EMPTY
GET	/api/v1/templates/enhanced/custom	get_custom_templates_api_v1_templates_enhanced_custom_get	NOT_FOUND	INLINE_OR_EMPTY
POST	/api/v1/templates/enhanced/custom	create_custom_template_api_v1_templates_enhanced_custom_post	INLINE_OR_EMPTY	INLINE_OR_EMPTY
GET	/api/v1/templates/enhanced/custom/{template_id}	get_custom_template_api_v1_templates_enhanced_custom__template_id__get	NOT_FOUND	INLINE_OR_EMPTY
PUT	/api/v1/templates/enhanced/custom/{template_id}	update_custom_template_api_v1_templates_enhanced_custom__template_id__put	INLINE_OR_EMPTY	INLINE_OR_EMPTY
DELETE	/api/v1/templates/enhanced/custom/{template_id}	delete_custom_template_api_v1_templates_enhanced_custom__template_id__delete	NOT_FOUND	INLINE_OR_EMPTY
POST	/api/v1/templates/enhanced/custom/{template_id}/duplicate	duplicate_custom_template_api_v1_templates_enhanced_custom__template_id__duplicate_post	NOT_FOUND	INLINE_OR_EMPTY
GET	/api/v1/templates/enhanced/builder/components	get_builder_components_api_v1_templates_enhanced_builder_components_get	NOT_FOUND	INLINE_OR_EMPTY
POST	/api/v1/templates/enhanced/batch/pages	create_pages_batch_api_v1_templates_enhanced_batch_pages_post	INLINE_OR_EMPTY	INLINE_OR_EMPTY
GET	/api/v1/templates/enhanced/batch/{batch_id}	get_batch_status_api_v1_templates_enhanced_batch__batch_id__get	NOT_FOUND	INLINE_OR_EMPTY
GET	/api/v1/templates/enhanced/batch	list_batch_operations_api_v1_templates_enhanced_batch_get	NOT_FOUND	INLINE_OR_EMPTY
POST	/api/v1/templates/enhanced/custom/{template_id}/share	share_template_api_v1_templates_enhanced_custom__template_id__share_post	INLINE_OR_EMPTY	INLINE_OR_EMPTY
GET	/api/v1/templates/enhanced/shares	get_shared_templates_api_v1_templates_enhanced_shares_get	NOT_FOUND	INLINE_OR_EMPTY
PUT	/api/v1/templates/enhanced/shares/{share_id}	update_share_permissions_api_v1_templates_enhanced_shares__share_id__put	INLINE_OR_EMPTY	INLINE_OR_EMPTY
DELETE	/api/v1/templates/enhanced/shares/{share_id}	revoke_template_share_api_v1_templates_enhanced_shares__share_id__delete	NOT_FOUND	INLINE_OR_EMPTY
GET	/api/v1/templates/enhanced/analytics/usage	get_template_usage_analytics_api_v1_templates_enhanced_analytics_usage_get	NOT_FOUND	INLINE_OR_EMPTY
GET	/api/v1/templates/enhanced/custom/{template_id}/comments	get_template_comments_api_v1_templates_enhanced_custom__template_id__comments_get	NOT_FOUND	INLINE_OR_EMPTY
POST	/api/v1/templates/enhanced/custom/{template_id}/comments	add_template_comment_api_v1_templates_enhanced_custom__template_id__comments_post	INLINE_OR_EMPTY	INLINE_OR_EMPTY
PUT	/api/v1/templates/enhanced/comments/{comment_id}/resolve	resolve_comment_api_v1_templates_enhanced_comments__comment_id__resolve_put	NOT_FOUND	INLINE_OR_EMPTY
GET	/api/v1/templates/enhanced/custom/{template_id}/versions	get_template_versions_api_v1_templates_enhanced_custom__template_id__versions_get	NOT_FOUND	INLINE_OR_EMPTY
POST	/api/v1/templates/enhanced/custom/{template_id}/versions	create_template_version_api_v1_templates_enhanced_custom__template_id__versions_post	INLINE_OR_EMPTY	INLINE_OR_EMPTY
POST	/api/v1/templates/enhanced/custom/{template_id}/versions/{version_id}/restore	restore_template_version_api_v1_templates_enhanced_custom__template_id__versions__version_id__restore_post	NOT_FOUND	INLINE_OR_EMPTY
POST	/api/v1/templates/enhanced/search/advanced	advanced_search_api_v1_templates_enhanced_search_advanced_post	INLINE_OR_EMPTY	INLINE_OR_EMPTY
GET	/api/v1/templates/enhanced/custom/{template_id}/collaborators	get_template_collaborators_api_v1_templates_enhanced_custom__template_id__collaborators_get	NOT_FOUND	INLINE_OR_EMPTY
POST	/api/v1/templates/enhanced/custom/{template_id}/collaborators	add_template_collaborator_api_v1_templates_enhanced_custom__template_id__collaborators_post	INLINE_OR_EMPTY	INLINE_OR_EMPTY
DELETE	/api/v1/templates/enhanced/custom/{template_id}/collaborators/{user_id}	remove_template_collaborator_api_v1_templates_enhanced_custom__template_id__collaborators__user_id__delete	NOT_FOUND	INLINE_OR_EMPTY
GET	/api/v1/templates/enhanced/custom/{template_id}/workflow	get_template_workflow_api_v1_templates_enhanced_custom__template_id__workflow_get	NOT_FOUND	INLINE_OR_EMPTY
POST	/api/v1/templates/enhanced/custom/{template_id}/workflow	create_template_workflow_api_v1_templates_enhanced_custom__template_id__workflow_post	INLINE_OR_EMPTY	INLINE_OR_EMPTY
POST	/api/v1/templates/enhanced/workflows/{workflow_id}/approve	process_workflow_approval_api_v1_templates_enhanced_workflows__workflow_id__approve_post	INLINE_OR_EMPTY	INLINE_OR_EMPTY
POST	/api/v1/templates/enhanced/ai/recommendations	get_ai_recommendations_api_v1_templates_enhanced_ai_recommendations_post	INLINE_OR_EMPTY	INLINE_OR_EMPTY
POST	/api/v1/templates/enhanced/ai/content-analysis	analyze_template_content_api_v1_templates_enhanced_ai_content_analysis_post	INLINE_OR_EMPTY	INLINE_OR_EMPTY
POST	/api/v1/templates/enhanced/ai/auto-tag	generate_auto_tags_api_v1_templates_enhanced_ai_auto_tag_post	INLINE_OR_EMPTY	INLINE_OR_EMPTY
GET	/api/v1/templates/enhanced/custom/{template_id}/activity	get_template_activity_api_v1_templates_enhanced_custom__template_id__activity_get	NOT_FOUND	INLINE_OR_EMPTY
GET	/api/v1/templates/enhanced/activity/global	get_global_activity_api_v1_templates_enhanced_activity_global_get	NOT_FOUND	INLINE_OR_EMPTY
POST	/api/v1/templates/enhanced/enterprise/sso/configure	configure_sso_provider_api_v1_templates_enhanced_enterprise_sso_configure_post	INLINE_OR_EMPTY	INLINE_OR_EMPTY
GET	/api/v1/templates/enhanced/enterprise/sso/providers	list_sso_providers_api_v1_templates_enhanced_enterprise_sso_providers_get	NOT_FOUND	INLINE_OR_EMPTY
POST	/api/v1/templates/enhanced/enterprise/users/profile	create_user_profile_api_v1_templates_enhanced_enterprise_users_profile_post	INLINE_OR_EMPTY	INLINE_OR_EMPTY
GET	/api/v1/templates/enhanced/enterprise/users/{user_id}/profile	get_user_profile_api_v1_templates_enhanced_enterprise_users__user_id__profile_get	NOT_FOUND	INLINE_OR_EMPTY
POST	/api/v1/templates/enhanced/enterprise/api-keys	generate_api_key_api_v1_templates_enhanced_enterprise_api_keys_post	INLINE_OR_EMPTY	INLINE_OR_EMPTY
POST	/api/v1/templates/enhanced/enterprise/analytics/dashboards	create_analytics_dashboard_api_v1_templates_enhanced_enterprise_analytics_dashboards_post	INLINE_OR_EMPTY	INLINE_OR_EMPTY
GET	/api/v1/templates/enhanced/enterprise/analytics/performance-report	generate_performance_report_api_v1_templates_enhanced_enterprise_analytics_performance_report_get	NOT_FOUND	INLINE_OR_EMPTY
GET	/api/v1/templates/enhanced/enterprise/analytics/real-time-metrics	get_realtime_metrics_api_v1_templates_enhanced_enterprise_analytics_real_time_metrics_get	NOT_FOUND	INLINE_OR_EMPTY
POST	/api/v1/templates/enhanced/mobile/session/start	start_mobile_session_api_v1_templates_enhanced_mobile_session_start_post	INLINE_OR_EMPTY	INLINE_OR_EMPTY
POST	/api/v1/templates/enhanced/mobile/sync	sync_offline_data_api_v1_templates_enhanced_mobile_sync_post	INLINE_OR_EMPTY	INLINE_OR_EMPTY
GET	/api/v1/templates/enhanced/mobile/offline-templates	get_offline_templates_api_v1_templates_enhanced_mobile_offline_templates_get	NOT_FOUND	INLINE_OR_EMPTY
GET	/api/v1/templates/enhanced/enterprise/security/audit-log	get_security_audit_log_api_v1_templates_enhanced_enterprise_security_audit_log_get	NOT_FOUND	INLINE_OR_EMPTY
GET	/api/v1/templates/enhanced/enterprise/security/compliance-report	generate_compliance_report_api_v1_templates_enhanced_enterprise_security_compliance_report_get	NOT_FOUND	INLINE_OR_EMPTY
GET	/api/v1/templates/enhanced/pwa/manifest.json	get_pwa_manifest_api_v1_templates_enhanced_pwa_manifest_json_get	NOT_FOUND	INLINE_OR_EMPTY
GET	/api/v1/templates/enhanced/pwa/service-worker.js	get_service_worker_api_v1_templates_enhanced_pwa_service_worker_js_get	NOT_FOUND	INLINE_OR_EMPTY
POST	/api/v1/templates/enhanced/mobile/push-notifications	send_push_notification_api_v1_templates_enhanced_mobile_push_notifications_post	INLINE_OR_EMPTY	INLINE_OR_EMPTY
GET	/api/v1/templates/enhanced/mobile/optimization-settings	get_mobile_optimization_api_v1_templates_enhanced_mobile_optimization_settings_get	NOT_FOUND	INLINE_OR_EMPTY
POST	/api/v1/templates/enhanced/enterprise/webhooks	configure_webhook_api_v1_templates_enhanced_enterprise_webhooks_post	INLINE_OR_EMPTY	INLINE_OR_EMPTY
POST	/api/v1/templates/enhanced/enterprise/webhooks/{webhook_id}/test	test_webhook_api_v1_templates_enhanced_enterprise_webhooks__webhook_id__test_post	NOT_FOUND	INLINE_OR_EMPTY
POST	/api/v1/templates/enhanced/enterprise/lms-integration	configure_lms_integration_api_v1_templates_enhanced_enterprise_lms_integration_post	INLINE_OR_EMPTY	INLINE_OR_EMPTY
POST	/api/v1/templates/enhanced/enterprise/scorm-package/{template_id}	generate_scorm_package_api_v1_templates_enhanced_enterprise_scorm_package__template_id__post	NOT_FOUND	INLINE_OR_EMPTY
POST	/api/v1/templates/enhanced/ai/auto-tagging	auto_tag_template_api_v1_templates_enhanced_ai_auto_tagging_post	NOT_FOUND	INLINE_OR_EMPTY
POST	/api/v1/templates/enhanced/ai/content-generation	generate_ai_content_api_v1_templates_enhanced_ai_content_generation_post	INLINE_OR_EMPTY	INLINE_OR_EMPTY
GET	/api/v1/templates/enhanced/ai/content-insights/{template_id}	get_content_insights_api_v1_templates_enhanced_ai_content_insights__template_id__get	NOT_FOUND	INLINE_OR_EMPTY
POST	/api/v1/templates/enhanced/enterprise/bi/executive-report	generate_executive_report_api_v1_templates_enhanced_enterprise_bi_executive_report_post	NOT_FOUND	INLINE_OR_EMPTY
GET	/api/v1/templates/enhanced/enterprise/analytics/revenue-dashboard	get_revenue_dashboard_api_v1_templates_enhanced_enterprise_analytics_revenue_dashboard_get	NOT_FOUND	INLINE_OR_EMPTY
GET	/api/v1/templates/enhanced/enterprise/analytics/user-behavior/{user_id}	get_user_behavior_analytics_api_v1_templates_enhanced_enterprise_analytics_user_behavior__user_id__get	NOT_FOUND	INLINE_OR_EMPTY
GET	/api/v1/templates/enhanced/search/suggestions	get_search_suggestions_api_v1_templates_enhanced_search_suggestions_get	NOT_FOUND	INLINE_OR_EMPTY
GET	/api/v1/templates/enhanced/enterprise/analytics/search-insights	get_search_insights_api_v1_templates_enhanced_enterprise_analytics_search_insights_get	NOT_FOUND	INLINE_OR_EMPTY
GET	/api/v1/templates/enhanced/realtime/session/{template_id}	start_collaborative_session_api_v1_templates_enhanced_realtime_session__template_id__get	NOT_FOUND	INLINE_OR_EMPTY
POST	/api/v1/templates/enhanced/realtime/cursor-update	update_cursor_position_api_v1_templates_enhanced_realtime_cursor_update_post	INLINE_OR_EMPTY	INLINE_OR_EMPTY
POST	/api/v1/templates/enhanced/realtime/live-edit	apply_live_edit_api_v1_templates_enhanced_realtime_live_edit_post	INLINE_OR_EMPTY	INLINE_OR_EMPTY
GET	/api/v1/templates/enhanced/realtime/presence/{template_id}	get_user_presence_api_v1_templates_enhanced_realtime_presence__template_id__get	NOT_FOUND	INLINE_OR_EMPTY
GET	/api/v1/components	list_component_types_api_v1_components_get	NOT_FOUND	INLINE_OR_EMPTY
GET	/api/v1/components/categories	list_categories_api_v1_components_categories_get	NOT_FOUND	INLINE_OR_EMPTY
GET	/api/v1/components/categories/{categoryId}	list_category_components_api_v1_components_categories__categoryId__get	NOT_FOUND	INLINE_OR_EMPTY
GET	/api/v1/components/search	search_component_types_api_v1_components_search_get	NOT_FOUND	INLINE_OR_EMPTY
GET	/api/v1/components/{typeId}	get_component_type_api_v1_components__typeId__get	NOT_FOUND	INLINE_OR_EMPTY
POST	/api/v1/courses/{courseId}/pages/reorder	reorder_pages_api_v1_courses__courseId__pages_reorder_post	INLINE_OR_EMPTY	INLINE_OR_EMPTY
GET	/api/v1/courses/{courseId}/pages/{pageId}	get_page_api_v1_courses__courseId__pages__pageId__get	NOT_FOUND	INLINE_OR_EMPTY
PATCH	/api/v1/courses/{courseId}/pages/{pageId}	update_page_api_v1_courses__courseId__pages__pageId__patch	INLINE_OR_EMPTY	INLINE_OR_EMPTY
DELETE	/api/v1/courses/{courseId}/pages/{pageId}	delete_page_api_v1_courses__courseId__pages__pageId__delete	NOT_FOUND	INLINE_OR_EMPTY
GET	/api/v1/courses/{courseId}/pages/{pageId}/components	list_components_api_v1_courses__courseId__pages__pageId__components_get	NOT_FOUND	INLINE_OR_EMPTY
POST	/api/v1/courses/{courseId}/pages/{pageId}/components	add_component_api_v1_courses__courseId__pages__pageId__components_post	INLINE_OR_EMPTY	INLINE_OR_EMPTY
POST	/api/v1/courses/{courseId}/pages/{pageId}/components/reorder	reorder_components_api_v1_courses__courseId__pages__pageId__components_reorder_post	INLINE_OR_EMPTY	INLINE_OR_EMPTY
GET	/api/v1/courses/{courseId}/pages/{pageId}/components/{componentId}	get_component_api_v1_courses__courseId__pages__pageId__components__componentId__get	NOT_FOUND	INLINE_OR_EMPTY
PATCH	/api/v1/courses/{courseId}/pages/{pageId}/components/{componentId}	update_component_api_v1_courses__courseId__pages__pageId__components__componentId__patch	INLINE_OR_EMPTY	INLINE_OR_EMPTY
DELETE	/api/v1/courses/{courseId}/pages/{pageId}/components/{componentId}	delete_component_api_v1_courses__courseId__pages__pageId__components__componentId__delete	NOT_FOUND	INLINE_OR_EMPTY
GET	/api/v1/themes	list_themes_api_v1_themes_get	NOT_FOUND	INLINE_OR_EMPTY
POST	/api/v1/themes	create_theme_api_v1_themes_post	INLINE_OR_EMPTY	INLINE_OR_EMPTY
GET	/api/v1/themes/presets	list_preset_themes_api_v1_themes_presets_get	NOT_FOUND	INLINE_OR_EMPTY
GET	/api/v1/themes/{themeId}	get_theme_api_v1_themes__themeId__get	NOT_FOUND	INLINE_OR_EMPTY
PATCH	/api/v1/themes/{themeId}	update_theme_api_v1_themes__themeId__patch	INLINE_OR_EMPTY	INLINE_OR_EMPTY
DELETE	/api/v1/themes/{themeId}	delete_theme_api_v1_themes__themeId__delete	NOT_FOUND	INLINE_OR_EMPTY
GET	/api/v1/courses/{courseId}/theme	get_course_theme_api_v1_courses__courseId__theme_get	NOT_FOUND	INLINE_OR_EMPTY
PATCH	/api/v1/courses/{courseId}/theme	set_course_theme_api_v1_courses__courseId__theme_patch	INLINE_OR_EMPTY	INLINE_OR_EMPTY
GET	/api/v1/courses/{courseId}/pages/{pageId}/theme	get_page_theme_api_v1_courses__courseId__pages__pageId__theme_get	NOT_FOUND	INLINE_OR_EMPTY
PATCH	/api/v1/courses/{courseId}/pages/{pageId}/theme	set_page_theme_api_v1_courses__courseId__pages__pageId__theme_patch	INLINE_OR_EMPTY	INLINE_OR_EMPTY
GET	/api/v1/courses/{courseId}/scoring	get_scoring_config_api_v1_courses__courseId__scoring_get	NOT_FOUND	INLINE_OR_EMPTY
PATCH	/api/v1/courses/{courseId}/scoring	update_scoring_config_api_v1_courses__courseId__scoring_patch	INLINE_OR_EMPTY	INLINE_OR_EMPTY
POST	/api/v1/courses/{courseId}/scoring/validate	validate_scoring_config_api_v1_courses__courseId__scoring_validate_post	NOT_FOUND	INLINE_OR_EMPTY
POST	/api/v1/courses/{courseId}/scoring/calculate	calculate_score_api_v1_courses__courseId__scoring_calculate_post	INLINE_OR_EMPTY	INLINE_OR_EMPTY
GET	/api/v1/courses/{courseId}/completion	get_course_completion_api_v1_courses__courseId__completion_get	NOT_FOUND	INLINE_OR_EMPTY
GET	/api/v1/courses/{courseId}/pages/{pageId}/completion	get_page_completion_api_v1_courses__courseId__pages__pageId__completion_get	NOT_FOUND	INLINE_OR_EMPTY
POST	/api/v1/courses/{courseId}/pages/{pageId}/completion	record_page_completion_api_v1_courses__courseId__pages__pageId__completion_post	INLINE_OR_EMPTY	INLINE_OR_EMPTY
GET	/api/v1/courses/{courseId}/interactions	list_interactions_api_v1_courses__courseId__interactions_get	NOT_FOUND	INLINE_OR_EMPTY
POST	/api/v1/courses/{courseId}/interactions	record_interaction_api_v1_courses__courseId__interactions_post	INLINE_OR_EMPTY	INLINE_OR_EMPTY
POST	/api/v1/assets/audio	upload_audio_api_v1_assets_audio_post	INLINE_OR_EMPTY	INLINE_OR_EMPTY
GET	/api/v1/assets/audio/{audioId}	get_audio_metadata_api_v1_assets_audio__audioId__get	NOT_FOUND	INLINE_OR_EMPTY
PATCH	/api/v1/assets/audio/{audioId}	update_audio_metadata_api_v1_assets_audio__audioId__patch	INLINE_OR_EMPTY	INLINE_OR_EMPTY
DELETE	/api/v1/assets/audio/{audioId}	delete_audio_api_v1_assets_audio__audioId__delete	NOT_FOUND	INLINE_OR_EMPTY
GET	/api/v1/courses/{courseId}/narration	get_course_narration_api_v1_courses__courseId__narration_get	NOT_FOUND	INLINE_OR_EMPTY
GET	/api/v1/courses/{courseId}/branches	list_branch_rules_api_v1_courses__courseId__branches_get	NOT_FOUND	INLINE_OR_EMPTY
POST	/api/v1/courses/{courseId}/branches	create_branch_rule_api_v1_courses__courseId__branches_post	INLINE_OR_EMPTY	INLINE_OR_EMPTY
GET	/api/v1/courses/{courseId}/branches/{branchId}	get_branch_rule_api_v1_courses__courseId__branches__branchId__get	NOT_FOUND	INLINE_OR_EMPTY
PATCH	/api/v1/courses/{courseId}/branches/{branchId}	update_branch_rule_api_v1_courses__courseId__branches__branchId__patch	INLINE_OR_EMPTY	INLINE_OR_EMPTY
DELETE	/api/v1/courses/{courseId}/branches/{branchId}	delete_branch_rule_api_v1_courses__courseId__branches__branchId__delete	NOT_FOUND	INLINE_OR_EMPTY
GET	/api/v1/courses/{courseId}/branches/{branchId}/events	list_branch_events_api_v1_courses__courseId__branches__branchId__events_get	NOT_FOUND	INLINE_OR_EMPTY
POST	/api/v1/courses/{courseId}/branches/{branchId}/events	record_branch_event_api_v1_courses__courseId__branches__branchId__events_post	INLINE_OR_EMPTY	INLINE_OR_EMPTY
GET	/api/v1/courses/{courseId}/discussions	list_discussions_api_v1_courses__courseId__discussions_get	NOT_FOUND	INLINE_OR_EMPTY
POST	/api/v1/courses/{courseId}/discussions	create_discussion_api_v1_courses__courseId__discussions_post	INLINE_OR_EMPTY	INLINE_OR_EMPTY
GET	/api/v1/courses/{courseId}/discussions/{threadId}	get_discussion_api_v1_courses__courseId__discussions__threadId__get	NOT_FOUND	INLINE_OR_EMPTY
POST	/api/v1/courses/{courseId}/discussions/{threadId}/replies	add_discussion_reply_api_v1_courses__courseId__discussions__threadId__replies_post	INLINE_OR_EMPTY	INLINE_OR_EMPTY
GET	/api/v1/courses/{courseId}/peer-reviews	list_peer_review_submissions_api_v1_courses__courseId__peer_reviews_get	NOT_FOUND	INLINE_OR_EMPTY
POST	/api/v1/courses/{courseId}/peer-reviews	create_peer_review_submission_api_v1_courses__courseId__peer_reviews_post	INLINE_OR_EMPTY	INLINE_OR_EMPTY
GET	/api/v1/courses/{courseId}/peer-reviews/{submissionId}	get_peer_review_submission_api_v1_courses__courseId__peer_reviews__submissionId__get	NOT_FOUND	INLINE_OR_EMPTY
POST	/api/v1/courses/{courseId}/peer-reviews/{submissionId}/reviews	add_peer_review_api_v1_courses__courseId__peer_reviews__submissionId__reviews_post	INLINE_OR_EMPTY	INLINE_OR_EMPTY
GET	/api/v1/courses/{courseId}/polls	list_polls_api_v1_courses__courseId__polls_get	NOT_FOUND	INLINE_OR_EMPTY
POST	/api/v1/courses/{courseId}/polls	create_poll_api_v1_courses__courseId__polls_post	INLINE_OR_EMPTY	INLINE_OR_EMPTY
POST	/api/v1/courses/{courseId}/polls/{pollId}/votes	submit_poll_vote_api_v1_courses__courseId__polls__pollId__votes_post	INLINE_OR_EMPTY	INLINE_OR_EMPTY
GET	/api/v1/courses/{courseId}/polls/{pollId}/results	get_poll_results_api_v1_courses__courseId__polls__pollId__results_get	NOT_FOUND	INLINE_OR_EMPTY
GET	/api/v1/courses/{courseId}/teams	list_teams_api_v1_courses__courseId__teams_get	NOT_FOUND	INLINE_OR_EMPTY
POST	/api/v1/courses/{courseId}/teams	create_team_api_v1_courses__courseId__teams_post	INLINE_OR_EMPTY	INLINE_OR_EMPTY
GET	/api/v1/courses/{courseId}/teams/{teamId}	get_team_api_v1_courses__courseId__teams__teamId__get	NOT_FOUND	INLINE_OR_EMPTY
PATCH	/api/v1/courses/{courseId}/teams/{teamId}	update_team_api_v1_courses__courseId__teams__teamId__patch	INLINE_OR_EMPTY	INLINE_OR_EMPTY
DELETE	/api/v1/courses/{courseId}/teams/{teamId}	delete_team_api_v1_courses__courseId__teams__teamId__delete	NOT_FOUND	INLINE_OR_EMPTY
GET	/api/v1/courses/{courseId}/analytics/summary	get_analytics_summary_api_v1_courses__courseId__analytics_summary_get	NOT_FOUND	INLINE_OR_EMPTY
GET	/api/v1/courses/{courseId}/analytics/skills	get_skill_mastery_api_v1_courses__courseId__analytics_skills_get	NOT_FOUND	INLINE_OR_EMPTY
GET	/api/v1/courses/{courseId}/analytics/manager-view	get_manager_view_api_v1_courses__courseId__analytics_manager_view_get	NOT_FOUND	INLINE_OR_EMPTY
GET	/	root__get	NOT_FOUND	INLINE_OR_EMPTY
